Workbook

Sheet Pump Bins
A1: WP00123 Kundenname Pumpen | K1: =IFERROR(MATCH("Serial No.",Lines!$1:$1,0),"")
K2: =IFERROR(MATCH("Bin Code",Lines!$1:$1,0),"")
A3: Zeilenbeschriftungen | B3: Anzahl von Serial No. | K3: =SUM($N$4:$N$2003)
A4: =IF($R4="","",IF($R4="T","Gesamtergebnis",IF($R4="B",INDEX($M$4:$M$2003,$S4),INDEX($L$4:$L$2003,$S4)))) | B4: =IF($R4="","",IF($R4="T",$K$3,IF($R4="B",COUNTIFS($M$4:$M$2003,INDEX($M$4:$M$2003,$S4),$N$4:$N$2003,1),1))) | K4: =COUNTIF($M$4:$M$2003,"PICKING") | L4: =IF($K$1="","",IFERROR(INDEX(Lines!$A:$AA,ROW()-2,$K$1),"")) | M4: =IF($K$2="","",IFERROR(INDEX(Lines!$A:$AA,ROW()-2,$K$2),"")) | N4: =IF(AND(L4<>"",LEFT(L4,1)="N",M4<>"PICKING",M4<>""),1,0) | O4: =IF(N4=1,M4&"|"&L4,REPT("z",40)) | P4: =IF(N4=1,COUNTIF($O$4:$O$2003,"<"&O4)+1,"") | Q4: =IF($K$3=0,"",1) | R4: =IF($K$3=0,"","B") | S4: =IF(Q4="","",IFERROR(MATCH(Q4,$P$4:$P$2003,0),""))
A5: =IF($R5="","",IF($R5="T","Gesamtergebnis",IF($R5="B",INDEX($M$4:$M$2003,$S5),INDEX($L$4:$L$2003,$S5)))) | B5: =IF($R5="","",IF($R5="T",$K$3,IF($R5="B",COUNTIFS($M$4:$M$2003,INDEX($M$4:$M$2003,$S5),$N$4:$N$2003,1),1))) | K5: =3+COUNTIF($R$4:$R$2400,"?*") | L5: =IF($K$1="","",IFERROR(INDEX(Lines!$A:$AA,ROW()-2,$K$1),"")) | M5: =IF($K$2="","",IFERROR(INDEX(Lines!$A:$AA,ROW()-2,$K$2),"")) | N5: =IF(AND(L5<>"",LEFT(L5,1)="N",M5<>"PICKING",M5<>""),1,0) | O5: =IF(N5=1,M5&"|"&L5,REPT("z",40)) | P5: =IF(N5=1,COUNTIF($O$4:$O$2003,"<"&O5)+1,"") | Q5: =IF(OR($R4="",$R4="T"),"",IF($R4="B",$Q4,IF($Q4+1>$K$3,"",$Q4+1))) | R5: =IF(OR($R4="",$R4="T"),"",IF($R4="B","S",IF($Q4+1>$K$3,"T",IF(INDEX($M$4:$M$2003,MATCH($Q4+1,$P$4:$P$2003,0))<>INDEX($M$4:$M$2003,MATCH($Q4,$P$4:$P$2003,0)),"B","S")))) | S5: =IF(Q5="","",IFERROR(MATCH(Q5,$P$4:$P$2003,0),""))
A6: =IF($R6="","",IF($R6="T","Gesamtergebnis",IF($R6="B",INDEX($M$4:$M$2003,$S6),INDEX($L$4:$L$2003,$S6)))) | B6: =IF($R6="","",IF($R6="T",$K$3,IF($R6="B",COUNTIFS($M$4:$M$2003,INDEX($M$4:$M$2003,$S6),$N$4:$N$2003,1),1))) | L6: =IF($K$1="","",IFERROR(INDEX(Lines!$A:$AA,ROW()-2,$K$1),"")) | M6: =IF($K$2="","",IFERROR(INDEX(Lines!$A:$AA,ROW()-2,$K$2),"")) | N6: =IF(AND(L6<>"",LEFT(L6,1)="N",M6<>"PICKING",M6<>""),1,0) | O6: =IF(N6=1,M6&"|"&L6,REPT("z",40)) | P6: =IF(N6=1,COUNTIF($O$4:$O$2003,"<"&O6)+1,"") | Q6: =IF(OR($R5="",$R5="T"),"",IF($R5="B",$Q5,IF($Q5+1>$K$3,"",$Q5+1))) | R6: =IF(OR($R5="",$R5="T"),"",IF($R5="B","S",IF($Q5+1>$K$3,"T",IF(INDEX($M$4:$M$2003,MATCH($Q5+1,$P$4:$P$2003,0))<>INDEX($M$4:$M$2003,MATCH($Q5,$P$4:$P$2003,0)),"B","S")))) | S6: =IF(Q6="","",IFERROR(MATCH(Q6,$P$4:$P$2003,0),""))
A7: =IF($R7="","",IF($R7="T","Gesamtergebnis",IF($R7="B",INDEX($M$4:$M$2003,$S7),INDEX($L$4:$L$2003,$S7)))) | B7: =IF($R7="","",IF($R7="T",$K$3,IF($R7="B",COUNTIFS($M$4:$M$2003,INDEX($M$4:$M$2003,$S7),$N$4:$N$2003,1),1))) | L7: =IF($K$1="","",IFERROR(INDEX(Lines!$A:$AA,ROW()-2,$K$1),"")) | M7: =IF($K$2="","",IFERROR(INDEX(Lines!$A:$AA,ROW()-2,$K$2),"")) | N7: =IF(AND(L7<>"",LEFT(L7,1)="N",M7<>"PICKING",M7<>""),1,0) | O7: =IF(N7=1,M7&"|"&L7,REPT("z",40)) | P7: =IF(N7=1,COUNTIF($O$4:$O$2003,"<"&O7)+1,"") | Q7: =IF(OR($R6="",$R6="T"),"",IF($R6="B",$Q6,IF($Q6+1>$K$3,"",$Q6+1))) | R7: =IF(OR($R6="",$R6="T"),"",IF($R6="B","S",IF($Q6+1>$K$3,"T",IF(INDEX($M$4:$M$2003,MATCH($Q6+1,$P$4:$P$2003,0))<>INDEX($M$4:$M$2003,MATCH($Q6,$P$4:$P$2003,0)),"B","S")))) | S7: =IF(Q7="","",IFERROR(MATCH(Q7,$P$4:$P$2003,0),""))
A8: =IF($R8="","",IF($R8="T","Gesamtergebnis",IF($R8="B",INDEX($M$4:$M$2003,$S8),INDEX($L$4:$L$2003,$S8)))) | B8: =IF($R8="","",IF($R8="T",$K$3,IF($R8="B",COUNTIFS($M$4:$M$2003,INDEX($M$4:$M$2003,$S8),$N$4:$N$2003,1),1))) | L8: =IF($K$1="","",IFERROR(INDEX(Lines!$A:$AA,ROW()-2,$K$1),"")) | M8: =IF($K$2="","",IFERROR(INDEX(Lines!$A:$AA,ROW()-2,$K$2),"")) | N8: =IF(AND(L8<>"",LEFT(L8,1)="N",M8<>"PICKING",M8<>""),1,0) | O8: =IF(N8=1,M8&"|"&L8,REPT("z",40)) | P8: =IF(N8=1,COUNTIF($O$4:$O$2003,"<"&O8)+1,"") | Q8: =IF(OR($R7="",$R7="T"),"",IF($R7="B",$Q7,IF($Q7+1>$K$3,"",$Q7+1))) | R8: =IF(OR($R7="",$R7="T"),"",IF($R7="B","S",IF($Q7+1>$K$3,"T",IF(INDEX($M$4:$M$2003,MATCH($Q7+1,$P$4:$P$2003,0))<>INDEX($M$4:$M$2003,MATCH($Q7,$P$4:$P$2003,0)),"B","S")))) | S8: =IF(Q8="","",IFERROR(MATCH(Q8,$P$4:$P$2003,0),""))
A9: =IF($R9="","",IF($R9="T","Gesamtergebnis",IF($R9="B",INDEX($M$4:$M$2003,$S9),INDEX($L$4:$L$2003,$S9)))) | B9: =IF($R9="","",IF($R9="T",$K$3,IF($R9="B",COUNTIFS($M$4:$M$2003,INDEX($M$4:$M$2003,$S9),$N$4:$N$2003,1),1))) | L9: =IF($K$1="","",IFERROR(INDEX(Lines!$A:$AA,ROW()-2,$K$1),"")) | M9: =IF($K$2="","",IFERROR(INDEX(Lines!$A:$AA,ROW()-2,$K$2),"")) | N9: =IF(AND(L9<>"",LEFT(L9,1)="N",M9<>"PICKING",M9<>""),1,0) | O9: =IF(N9=1,M9&"|"&L9,REPT("z",40)) | P9: =IF(N9=1,COUNTIF($O$4:$O$2003,"<"&O9)+1,"") | Q9: =IF(OR($R8="",$R8="T"),"",IF($R8="B",$Q8,IF($Q8+1>$K$3,"",$Q8+1))) | R9: =IF(OR($R8="",$R8="T"),"",IF($R8="B","S",IF($Q8+1>$K$3,"T",IF(INDEX($M$4:$M$2003,MATCH($Q8+1,$P$4:$P$2003,0))<>INDEX($M$4:$M$2003,MATCH($Q8,$P$4:$P$2003,0)),"B","S")))) | S9: =IF(Q9="","",IFERROR(MATCH(Q9,$P$4:$P$2003,0),""))
A10: =IF($R10="","",IF($R10="T","Gesamtergebnis",IF($R10="B",INDEX($M$4:$M$2003,$S10),INDEX($L$4:$L$2003,$S10)))) | B10: =IF($R10="","",IF($R10="T",$K$3,IF($R10="B",COUNTIFS($M$4:$M$2003,INDEX($M$4:$M$2003,$S10),$N$4:$N$2003,1),1))) | L10: =IF($K$1="","",IFERROR(INDEX(Lines!$A:$AA,ROW()-2,$K$1),"")) | M10: =IF($K$2="","",IFERROR(INDEX(Lines!$A:$AA,ROW()-2,$K$2),"")) | N10: =IF(AND(L10<>"",LEFT(L10,1)="N",M10<>"PICKING",M10<>""),1,0) | O10: =IF(N10=1,M10&"|"&L10,REPT("z",40)) | P10: =IF(N10=1,COUNTIF($O$4:$O$2003,"<"&O10)+1,"") | Q10: =IF(OR($R9="",$R9="T"),"",IF($R9="B",$Q9,IF($Q9+1>$K$3,"",$Q9+1))) | R10: =IF(OR($R9="",$R9="T"),"",IF($R9="B","S",IF($Q9+1>$K$3,"T",IF(INDEX($M$4:$M$2003,MATCH($Q9+1,$P$4:$P$2003,0))<>INDEX($M$4:$M$2003,MATCH($Q9,$P$4:$P$2003,0)),"B","S")))) | S10: =IF(Q10="","",IFERROR(MATCH(Q10,$P$4:$P$2003,0),""))
A11: =IF($R11="","",IF($R11="T","Gesamtergebnis",IF($R11="B",INDEX($M$4:$M$2003,$S11),INDEX($L$4:$L$2003,$S11)))) | B11: =IF($R11="","",IF($R11="T",$K$3,IF($R11="B",COUNTIFS($M$4:$M$2003,INDEX($M$4:$M$2003,$S11),$N$4:$N$2003,1),1))) | L11: =IF($K$1="","",IFERROR(INDEX(Lines!$A:$AA,ROW()-2,$K$1),"")) | M11: =IF($K$2="","",IFERROR(INDEX(Lines!$A:$AA,ROW()-2,$K$2),"")) | N11: =IF(AND(L11<>"",LEFT(L11,1)="N",M11<>"PICKING",M11<>""),1,0) | O11: =IF(N11=1,M11&"|"&L11,REPT("z",40)) | P11: =IF(N11=1,COUNTIF($O$4:$O$2003,"<"&O11)+1,"") | Q11: =IF(OR($R10="",$R10="T"),"",IF($R10="B",$Q10,IF($Q10+1>$K$3,"",$Q10+1))) | R11: =IF(OR($R10="",$R10="T"),"",IF($R10="B","S",IF($Q10+1>$K$3,"T",IF(INDEX($M$4:$M$2003,MATCH($Q10+1,$P$4:$P$2003,0))<>INDEX($M$4:$M$2003,MATCH($Q10,$P$4:$P$2003,0)),"B","S")))) | S11: =IF(Q11="","",IFERROR(MATCH(Q11,$P$4:$P$2003,0),""))
A12: =IF($R12="","",IF($R12="T","Gesamtergebnis",IF($R12="B",INDEX($M$4:$M$2003,$S12),INDEX($L$4:$L$2003,$S12)))) | B12: =IF($R12="","",IF($R12="T",$K$3,IF($R12="B",COUNTIFS($M$4:$M$2003,INDEX($M$4:$M$2003,$S12),$N$4:$N$2003,1),1))) | L12: =IF($K$1="","",IFERROR(INDEX(Lines!$A:$AA,ROW()-2,$K$1),"")) | M12: =IF($K$2="","",IFERROR(INDEX(Lines!$A:$AA,ROW()-2,$K$2),"")) | N12: =IF(AND(L12<>"",LEFT(L12,1)="N",M12<>"PICKING",M12<>""),1,0) | O12: =IF(N12=1,M12&"|"&L12,REPT("z",40)) | P12: =IF(N12=1,COUNTIF($O$4:$O$2003,"<"&O12)+1,"") | Q12: =IF(OR($R11="",$R11="T"),"",IF($R11="B",$Q11,IF($Q11+1>$K$3,"",$Q11+1))) | R12: =IF(OR($R11="",$R11="T"),"",IF($R11="B","S",IF($Q11+1>$K$3,"T",IF(INDEX($M$4:$M$2003,MATCH($Q11+1,$P$4:$P$2003,0))<>INDEX($M$4:$M$2003,MATCH($Q11,$P$4:$P$2003,0)),"B","S")))) | S12: =IF(Q12="","",IFERROR(MATCH(Q12,$P$4:$P$2003,0),""))
A13: =IF($R13="","",IF($R13="T","Gesamtergebnis",IF($R13="B",INDEX($M$4:$M$2003,$S13),INDEX($L$4:$L$2003,$S13)))) | B13: =IF($R13="","",IF($R13="T",$K$3,IF($R13="B",COUNTIFS($M$4:$M$2003,INDEX($M$4:$M$2003,$S13),$N$4:$N$2003,1),1))) | L13: =IF($K$1="","",IFERROR(INDEX(Lines!$A:$AA,ROW()-2,$K$1),"")) | M13: =IF($K$2="","",IFERROR(INDEX(Lines!$A:$AA,ROW()-2,$K$2),"")) | N13: =IF(AND(L13<>"",LEFT(L13,1)="N",M13<>"PICKING",M13<>""),1,0) | O13: =IF(N13=1,M13&"|"&L13,REPT("z",40)) | P13: =IF(N13=1,COUNTIF($O$4:$O$2003,"<"&O13)+1,"") | Q13: =IF(OR($R12="",$R12="T"),"",IF($R12="B",$Q12,IF($Q12+1>$K$3,"",$Q12+1))) | R13: =IF(OR($R12="",$R12="T"),"",IF($R12="B","S",IF($Q12+1>$K$3,"T",IF(INDEX($M$4:$M$2003,MATCH($Q12+1,$P$4:$P$2003,0))<>INDEX($M$4:$M$2003,MATCH($Q12,$P$4:$P$2003,0)),"B","S")))) | S13: =IF(Q13="","",IFERROR(MATCH(Q13,$P$4:$P$2003,0),""))
A14: =IF($R14="","",IF($R14="T","Gesamtergebnis",IF($R14="B",INDEX($M$4:$M$2003,$S14),INDEX($L$4:$L$2003,$S14)))) | B14: =IF($R14="","",IF($R14="T",$K$3,IF($R14="B",COUNTIFS($M$4:$M$2003,INDEX($M$4:$M$2003,$S14),$N$4:$N$2003,1),1))) | L14: =IF($K$1="","",IFERROR(INDEX(Lines!$A:$AA,ROW()-2,$K$1),"")) | M14: =IF($K$2="","",IFERROR(INDEX(Lines!$A:$AA,ROW()-2,$K$2),"")) | N14: =IF(AND(L14<>"",LEFT(L14,1)="N",M14<>"PICKING",M14<>""),1,0) | O14: =IF(N14=1,M14&"|"&L14,REPT("z",40)) | P14: =IF(N14=1,COUNTIF($O$4:$O$2003,"<"&O14)+1,"") | Q14: =IF(OR($R13="",$R13="T"),"",IF($R13="B",$Q13,IF($Q13+1>$K$3,"",$Q13+1))) | R14: =IF(OR($R13="",$R13="T"),"",IF($R13="B","S",IF($Q13+1>$K$3,"T",IF(INDEX($M$4:$M$2003,MATCH($Q13+1,$P$4:$P$2003,0))<>INDEX($M$4:$M$2003,MATCH($Q13,$P$4:$P$2003,0)),"B","S")))) | S14: =IF(Q14="","",IFERROR(MATCH(Q14,$P$4:$P$2003,0),""))
A15: =IF($R15="","",IF($R15="T","Gesamtergebnis",IF($R15="B",INDEX($M$4:$M$2003,$S15),INDEX($L$4:$L$2003,$S15)))) | B15: =IF($R15="","",IF($R15="T",$K$3,IF($R15="B",COUNTIFS($M$4:$M$2003,INDEX($M$4:$M$2003,$S15),$N$4:$N$2003,1),1))) | L15: =IF($K$1="","",IFERROR(INDEX(Lines!$A:$AA,ROW()-2,$K$1),"")) | M15: =IF($K$2="","",IFERROR(INDEX(Lines!$A:$AA,ROW()-2,$K$2),"")) | N15: =IF(AND(L15<>"",LEFT(L15,1)="N",M15<>"PICKING",M15<>""),1,0) | O15: =IF(N15=1,M15&"|"&L15,REPT("z",40)) | P15: =IF(N15=1,COUNTIF($O$4:$O$2003,"<"&O15)+1,"") | Q15: =IF(OR($R14="",$R14="T"),"",IF($R14="B",$Q14,IF($Q14+1>$K$3,"",$Q14+1))) | R15: =IF(OR($R14="",$R14="T"),"",IF($R14="B","S",IF($Q14+1>$K$3,"T",IF(INDEX($M$4:$M$2003,MATCH($Q14+1,$P$4:$P$2003,0))<>INDEX($M$4:$M$2003,MATCH($Q14,$P$4:$P$2003,0)),"B","S")))) | S15: =IF(Q15="","",IFERROR(MATCH(Q15,$P$4:$P$2003,0),""))
A16: =IF($R16="","",IF($R16="T","Gesamtergebnis",IF($R16="B",INDEX($M$4:$M$2003,$S16),INDEX($L$4:$L$2003,$S16)))) | B16: =IF($R16="","",IF($R16="T",$K$3,IF($R16="B",COUNTIFS($M$4:$M$2003,INDEX($M$4:$M$2003,$S16),$N$4:$N$2003,1),1))) | L16: =IF($K$1="","",IFERROR(INDEX(Lines!$A:$AA,ROW()-2,$K$1),"")) | M16: =IF($K$2="","",IFERROR(INDEX(Lines!$A:$AA,ROW()-2,$K$2),"")) | N16: =IF(AND(L16<>"",LEFT(L16,1)="N",M16<>"PICKING",M16<>""),1,0) | O16: =IF(N16=1,M16&"|"&L16,REPT("z",40)) | P16: =IF(N16=1,COUNTIF($O$4:$O$2003,"<"&O16)+1,"") | Q16: =IF(OR($R15="",$R15="T"),"",IF($R15="B",$Q15,IF($Q15+1>$K$3,"",$Q15+1))) | R16: =IF(OR($R15="",$R15="T"),"",IF($R15="B","S",IF($Q15+1>$K$3,"T",IF(INDEX($M$4:$M$2003,MATCH($Q15+1,$P$4:$P$2003,0))<>INDEX($M$4:$M$2003,MATCH($Q15,$P$4:$P$2003,0)),"B","S")))) | S16: =IF(Q16="","",IFERROR(MATCH(Q16,$P$4:$P$2003,0),""))
A17: =IF($R17="","",IF($R17="T","Gesamtergebnis",IF($R17="B",INDEX($M$4:$M$2003,$S17),INDEX($L$4:$L$2003,$S17)))) | B17: =IF($R17="","",IF($R17="T",$K$3,IF($R17="B",COUNTIFS($M$4:$M$2003,INDEX($M$4:$M$2003,$S17),$N$4:$N$2003,1),1))) | L17: =IF($K$1="","",IFERROR(INDEX(Lines!$A:$AA,ROW()-2,$K$1),"")) | M17: =IF($K$2="","",IFERROR(INDEX(Lines!$A:$AA,ROW()-2,$K$2),"")) | N17: =IF(AND(L17<>"",LEFT(L17,1)="N",M17<>"PICKING",M17<>""),1,0) | O17: =IF(N17=1,M17&"|"&L17,REPT("z",40)) | P17: =IF(N17=1,COUNTIF($O$4:$O$2003,"<"&O17)+1,"") | Q17: =IF(OR($R16="",$R16="T"),"",IF($R16="B",$Q16,IF($Q16+1>$K$3,"",$Q16+1))) | R17: =IF(OR($R16="",$R16="T"),"",IF($R16="B","S",IF($Q16+1>$K$3,"T",IF(INDEX($M$4:$M$2003,MATCH($Q16+1,$P$4:$P$2003,0))<>INDEX($M$4:$M$2003,MATCH($Q16,$P$4:$P$2003,0)),"B","S")))) | S17: =IF(Q17="","",IFERROR(MATCH(Q17,$P$4:$P$2003,0),""))
... A2003: =IF($R2003="","",IF($R2003="T","Gesamtergebnis",IF($R2003="B",INDEX($M$4:$M$2003,$S2003),INDEX($L$4:$L$2003,$S2003)))) | B2003: =IF($R2003="","",IF($R2003="T",$K$3,IF($R2003="B",COUNTIFS($M$4:$M$2003,INDEX($M$4:$M$2003,$S2003),$N$4:$N$2003,1),1))) | L2003: =IF($K$1="","",IFERROR(INDEX(Lines!$A:$AA,ROW()-2,$K$1),"")) | M2003: =IF($K$2="","",IFERROR(INDEX(Lines!$A:$AA,ROW()-2,$K$2),"")) | N2003: =IF(AND(L2003<>"",LEFT(L2003,1)="N",M2003<>"PICKING",M2003<>""),1,0) | O2003: =IF(N2003=1,M2003&"|"&L2003,REPT("z",40)) | P2003: =IF(N2003=1,COUNTIF($O$4:$O$2003,"<"&O2003)+1,"") | Q2003: =IF(OR($R2002="",$R2002="T"),"",IF($R2002="B",$Q2002,IF($Q2002+1>$K$3,"",$Q2002+1))) | R2003: =IF(OR($R2002="",$R2002="T"),"",IF($R2002="B","S",IF($Q2002+1>$K$3,"T",IF(INDEX($M$4:$M$2003,MATCH($Q2002+1,$P$4:$P$2003,0))<>INDEX($M$4:$M$2003,MATCH($Q2002,$P$4:$P$2003,0)),"B","S")))) | S2003: =IF(Q2003="","",IFERROR(MATCH(Q2003,$P$4:$P$2003,0),""))
A2004: =IF($R2004="","",IF($R2004="T","Gesamtergebnis",IF($R2004="B",INDEX($M$4:$M$2003,$S2004),INDEX($L$4:$L$2003,$S2004)))) | B2004: =IF($R2004="","",IF($R2004="T",$K$3,IF($R2004="B",COUNTIFS($M$4:$M$2003,INDEX($M$4:$M$2003,$S2004),$N$4:$N$2003,1),1))) | Q2004: =IF(OR($R2003="",$R2003="T"),"",IF($R2003="B",$Q2003,IF($Q2003+1>$K$3,"",$Q2003+1))) | R2004: =IF(OR($R2003="",$R2003="T"),"",IF($R2003="B","S",IF($Q2003+1>$K$3,"T",IF(INDEX($M$4:$M$2003,MATCH($Q2003+1,$P$4:$P$2003,0))<>INDEX($M$4:$M$2003,MATCH($Q2003,$P$4:$P$2003,0)),"B","S")))) | S2004: =IF(Q2004="","",IFERROR(MATCH(Q2004,$P$4:$P$2003,0),""))
A2005: =IF($R2005="","",IF($R2005="T","Gesamtergebnis",IF($R2005="B",INDEX($M$4:$M$2003,$S2005),INDEX($L$4:$L$2003,$S2005)))) | B2005: =IF($R2005="","",IF($R2005="T",$K$3,IF($R2005="B",COUNTIFS($M$4:$M$2003,INDEX($M$4:$M$2003,$S2005),$N$4:$N$2003,1),1))) | Q2005: =IF(OR($R2004="",$R2004="T"),"",IF($R2004="B",$Q2004,IF($Q2004+1>$K$3,"",$Q2004+1))) | R2005: =IF(OR($R2004="",$R2004="T"),"",IF($R2004="B","S",IF($Q2004+1>$K$3,"T",IF(INDEX($M$4:$M$2003,MATCH($Q2004+1,$P$4:$P$2003,0))<>INDEX($M$4:$M$2003,MATCH($Q2004,$P$4:$P$2003,0)),"B","S")))) | S2005: =IF(Q2005="","",IFERROR(MATCH(Q2005,$P$4:$P$2003,0),""))
A2006: =IF($R2006="","",IF($R2006="T","Gesamtergebnis",IF($R2006="B",INDEX($M$4:$M$2003,$S2006),INDEX($L$4:$L$2003,$S2006)))) | B2006: =IF($R2006="","",IF($R2006="T",$K$3,IF($R2006="B",COUNTIFS($M$4:$M$2003,INDEX($M$4:$M$2003,$S2006),$N$4:$N$2003,1),1))) | Q2006: =IF(OR($R2005="",$R2005="T"),"",IF($R2005="B",$Q2005,IF($Q2005+1>$K$3,"",$Q2005+1))) | R2006: =IF(OR($R2005="",$R2005="T"),"",IF($R2005="B","S",IF($Q2005+1>$K$3,"T",IF(INDEX($M$4:$M$2003,MATCH($Q2005+1,$P$4:$P$2003,0))<>INDEX($M$4:$M$2003,MATCH($Q2005,$P$4:$P$2003,0)),"B","S")))) | S2006: =IF(Q2006="","",IFERROR(MATCH(Q2006,$P$4:$P$2003,0),""))
A2007: =IF($R2007="","",IF($R2007="T","Gesamtergebnis",IF($R2007="B",INDEX($M$4:$M$2003,$S2007),INDEX($L$4:$L$2003,$S2007)))) | B2007: =IF($R2007="","",IF($R2007="T",$K$3,IF($R2007="B",COUNTIFS($M$4:$M$2003,INDEX($M$4:$M$2003,$S2007),$N$4:$N$2003,1),1))) | Q2007: =IF(OR($R2006="",$R2006="T"),"",IF($R2006="B",$Q2006,IF($Q2006+1>$K$3,"",$Q2006+1))) | R2007: =IF(OR($R2006="",$R2006="T"),"",IF($R2006="B","S",IF($Q2006+1>$K$3,"T",IF(INDEX($M$4:$M$2003,MATCH($Q2006+1,$P$4:$P$2003,0))<>INDEX($M$4:$M$2003,MATCH($Q2006,$P$4:$P$2003,0)),"B","S")))) | S2007: =IF(Q2007="","",IFERROR(MATCH(Q2007,$P$4:$P$2003,0),""))
A2008: =IF($R2008="","",IF($R2008="T","Gesamtergebnis",IF($R2008="B",INDEX($M$4:$M$2003,$S2008),INDEX($L$4:$L$2003,$S2008)))) | B2008: =IF($R2008="","",IF($R2008="T",$K$3,IF($R2008="B",COUNTIFS($M$4:$M$2003,INDEX($M$4:$M$2003,$S2008),$N$4:$N$2003,1),1))) | Q2008: =IF(OR($R2007="",$R2007="T"),"",IF($R2007="B",$Q2007,IF($Q2007+1>$K$3,"",$Q2007+1))) | R2008: =IF(OR($R2007="",$R2007="T"),"",IF($R2007="B","S",IF($Q2007+1>$K$3,"T",IF(INDEX($M$4:$M$2003,MATCH($Q2007+1,$P$4:$P$2003,0))<>INDEX($M$4:$M$2003,MATCH($Q2007,$P$4:$P$2003,0)),"B","S")))) | S2008: =IF(Q2008="","",IFERROR(MATCH(Q2008,$P$4:$P$2003,0),""))
A2009: =IF($R2009="","",IF($R2009="T","Gesamtergebnis",IF($R2009="B",INDEX($M$4:$M$2003,$S2009),INDEX($L$4:$L$2003,$S2009)))) | B2009: =IF($R2009="","",IF($R2009="T",$K$3,IF($R2009="B",COUNTIFS($M$4:$M$2003,INDEX($M$4:$M$2003,$S2009),$N$4:$N$2003,1),1))) | Q2009: =IF(OR($R2008="",$R2008="T"),"",IF($R2008="B",$Q2008,IF($Q2008+1>$K$3,"",$Q2008+1))) | R2009: =IF(OR($R2008="",$R2008="T"),"",IF($R2008="B","S",IF($Q2008+1>$K$3,"T",IF(INDEX($M$4:$M$2003,MATCH($Q2008+1,$P$4:$P$2003,0))<>INDEX($M$4:$M$2003,MATCH($Q2008,$P$4:$P$2003,0)),"B","S")))) | S2009: =IF(Q2009="","",IFERROR(MATCH(Q2009,$P$4:$P$2003,0),""))
A2010: =IF($R2010="","",IF($R2010="T","Gesamtergebnis",IF($R2010="B",INDEX($M$4:$M$2003,$S2010),INDEX($L$4:$L$2003,$S2010)))) | B2010: =IF($R2010="","",IF($R2010="T",$K$3,IF($R2010="B",COUNTIFS($M$4:$M$2003,INDEX($M$4:$M$2003,$S2010),$N$4:$N$2003,1),1))) | Q2010: =IF(OR($R2009="",$R2009="T"),"",IF($R2009="B",$Q2009,IF($Q2009+1>$K$3,"",$Q2009+1))) | R2010: =IF(OR($R2009="",$R2009="T"),"",IF($R2009="B","S",IF($Q2009+1>$K$3,"T",IF(INDEX($M$4:$M$2003,MATCH($Q2009+1,$P$4:$P$2003,0))<>INDEX($M$4:$M$2003,MATCH($Q2009,$P$4:$P$2003,0)),"B","S")))) | S2010: =IF(Q2010="","",IFERROR(MATCH(Q2010,$P$4:$P$2003,0),""))
A2011: =IF($R2011="","",IF($R2011="T","Gesamtergebnis",IF($R2011="B",INDEX($M$4:$M$2003,$S2011),INDEX($L$4:$L$2003,$S2011)))) | B2011: =IF($R2011="","",IF($R2011="T",$K$3,IF($R2011="B",COUNTIFS($M$4:$M$2003,INDEX($M$4:$M$2003,$S2011),$N$4:$N$2003,1),1))) | Q2011: =IF(OR($R2010="",$R2010="T"),"",IF($R2010="B",$Q2010,IF($Q2010+1>$K$3,"",$Q2010+1))) | R2011: =IF(OR($R2010="",$R2010="T"),"",IF($R2010="B","S",IF($Q2010+1>$K$3,"T",IF(INDEX($M$4:$M$2003,MATCH($Q2010+1,$P$4:$P$2003,0))<>INDEX($M$4:$M$2003,MATCH($Q2010,$P$4:$P$2003,0)),"B","S")))) | S2011: =IF(Q2011="","",IFERROR(MATCH(Q2011,$P$4:$P$2003,0),""))
A2012: =IF($R2012="","",IF($R2012="T","Gesamtergebnis",IF($R2012="B",INDEX($M$4:$M$2003,$S2012),INDEX($L$4:$L$2003,$S2012)))) | B2012: =IF($R2012="","",IF($R2012="T",$K$3,IF($R2012="B",COUNTIFS($M$4:$M$2003,INDEX($M$4:$M$2003,$S2012),$N$4:$N$2003,1),1))) | Q2012: =IF(OR($R2011="",$R2011="T"),"",IF($R2011="B",$Q2011,IF($Q2011+1>$K$3,"",$Q2011+1))) | R2012: =IF(OR($R2011="",$R2011="T"),"",IF($R2011="B","S",IF($Q2011+1>$K$3,"T",IF(INDEX($M$4:$M$2003,MATCH($Q2011+1,$P$4:$P$2003,0))<>INDEX($M$4:$M$2003,MATCH($Q2011,$P$4:$P$2003,0)),"B","S")))) | S2012: =IF(Q2012="","",IFERROR(MATCH(Q2012,$P$4:$P$2003,0),""))
A2013: =IF($R2013="","",IF($R2013="T","Gesamtergebnis",IF($R2013="B",INDEX($M$4:$M$2003,$S2013),INDEX($L$4:$L$2003,$S2013)))) | B2013: =IF($R2013="","",IF($R2013="T",$K$3,IF($R2013="B",COUNTIFS($M$4:$M$2003,INDEX($M$4:$M$2003,$S2013),$N$4:$N$2003,1),1))) | Q2013: =IF(OR($R2012="",$R2012="T"),"",IF($R2012="B",$Q2012,IF($Q2012+1>$K$3,"",$Q2012+1))) | R2013: =IF(OR($R2012="",$R2012="T"),"",IF($R2012="B","S",IF($Q2012+1>$K$3,"T",IF(INDEX($M$4:$M$2003,MATCH($Q2012+1,$P$4:$P$2003,0))<>INDEX($M$4:$M$2003,MATCH($Q2012,$P$4:$P$2003,0)),"B","S")))) | S2013: =IF(Q2013="","",IFERROR(MATCH(Q2013,$P$4:$P$2003,0),""))
A2014: =IF($R2014="","",IF($R2014="T","Gesamtergebnis",IF($R2014="B",INDEX($M$4:$M$2003,$S2014),INDEX($L$4:$L$2003,$S2014)))) | B2014: =IF($R2014="","",IF($R2014="T",$K$3,IF($R2014="B",COUNTIFS($M$4:$M$2003,INDEX($M$4:$M$2003,$S2014),$N$4:$N$2003,1),1))) | Q2014: =IF(OR($R2013="",$R2013="T"),"",IF($R2013="B",$Q2013,IF($Q2013+1>$K$3,"",$Q2013+1))) | R2014: =IF(OR($R2013="",$R2013="T"),"",IF($R2013="B","S",IF($Q2013+1>$K$3,"T",IF(INDEX($M$4:$M$2003,MATCH($Q2013+1,$P$4:$P$2003,0))<>INDEX($M$4:$M$2003,MATCH($Q2013,$P$4:$P$2003,0)),"B","S")))) | S2014: =IF(Q2014="","",IFERROR(MATCH(Q2014,$P$4:$P$2003,0),""))
A2015: =IF($R2015="","",IF($R2015="T","Gesamtergebnis",IF($R2015="B",INDEX($M$4:$M$2003,$S2015),INDEX($L$4:$L$2003,$S2015)))) | B2015: =IF($R2015="","",IF($R2015="T",$K$3,IF($R2015="B",COUNTIFS($M$4:$M$2003,INDEX($M$4:$M$2003,$S2015),$N$4:$N$2003,1),1))) | Q2015: =IF(OR($R2014="",$R2014="T"),"",IF($R2014="B",$Q2014,IF($Q2014+1>$K$3,"",$Q2014+1))) | R2015: =IF(OR($R2014="",$R2014="T"),"",IF($R2014="B","S",IF($Q2014+1>$K$3,"T",IF(INDEX($M$4:$M$2003,MATCH($Q2014+1,$P$4:$P$2003,0))<>INDEX($M$4:$M$2003,MATCH($Q2014,$P$4:$P$2003,0)),"B","S")))) | S2015: =IF(Q2015="","",IFERROR(MATCH(Q2015,$P$4:$P$2003,0),""))
... A2400: =IF($R2400="","",IF($R2400="T","Gesamtergebnis",IF($R2400="B",INDEX($M$4:$M$2003,$S2400),INDEX($L$4:$L$2003,$S2400)))) | B2400: =IF($R2400="","",IF($R2400="T",$K$3,IF($R2400="B",COUNTIFS($M$4:$M$2003,INDEX($M$4:$M$2003,$S2400),$N$4:$N$2003,1),1))) | Q2400: =IF(OR($R2399="",$R2399="T"),"",IF($R2399="B",$Q2399,IF($Q2399+1>$K$3,"",$Q2399+1))) | R2400: =IF(OR($R2399="",$R2399="T"),"",IF($R2399="B","S",IF($Q2399+1>$K$3,"T",IF(INDEX($M$4:$M$2003,MATCH($Q2399+1,$P$4:$P$2003,0))<>INDEX($M$4:$M$2003,MATCH($Q2399,$P$4:$P$2003,0)),"B","S")))) | S2400: =IF(Q2400="","",IFERROR(MATCH(Q2400,$P$4:$P$2003,0),""))

Sheet Lines
